tune_id,annotated_key,Krumhansl-Schmuckler,Aarden-Essen,Simple Weights,Bellman-Budge,Temperley-Kostka-Payne,Albrecht-Shanahan
chor001,G major,G major (0.95),G major (0.95),G major (0.97),G major (0.97),G major (0.97),G major (0.99)
chor002,A major,E major (0.85),A major (0.96),A major (0.92),A major (0.95),A major (0.94),A major (0.92)
chor003,A dorian,A minor (0.77),A minor (0.89),A minor (0.91),A minor (0.95),A minor (0.91),A minor (0.95)
chor004,E major,E major (0.89),E major (0.91),E major (0.95),E major (0.93),E major (0.91),E major (0.95)
chor005,G major,G major (0.89),G major (0.93),G major (0.94),G major (0.93),G major (0.93),G major (0.93)
chor006,F major,F major (0.96),F major (0.93),F major (0.95),F major (0.93),F major (0.95),F major (0.99)
chor007,A major,A major (0.91),A major (0.93),A major (0.95),A major (0.94),A major (0.96),A major (0.95)
chor008,F dorian,F minor (0.90),F minor (0.94),F minor (0.97),F minor (0.88),F minor (0.92),F minor (0.97)
chor009,G major,D major (0.82),G major (0.93),G major (0.87),G major (0.92),G major (0.92),G major (0.85)
chor010,A minor,A minor (0.78),A minor (0.93),A minor (0.89),A minor (0.87),A minor (0.87),A minor (0.92)
chor011,C major,C major (0.89),C major (0.96),C major (0.95),C major (0.95),C major (0.96),C major (0.94)
chor012,A minor,C major (0.83),A minor (0.92),C major (0.86),C major (0.83),C major (0.89),C major (0.86)
chor013,A minor,A minor (0.86),A minor (0.95),A minor (0.90),A minor (0.81),A minor (0.86),A minor (0.93)
chor014,G major,G major (0.92),G major (0.94),G major (0.96),G major (0.95),G major (0.98),G major (0.97)
chor015,D dorian,D minor (0.88),D minor (0.91),D minor (0.93),D minor (0.87),D minor (0.88),D minor (0.98)
chor016,B minor,F# minor (0.76),B minor (0.93),B minor (0.88),B minor (0.87),B minor (0.87),B minor (0.90)
chor017,E minor,B minor (0.75),E minor (0.92),E minor (0.84),E minor (0.78),E minor (0.77),E minor (0.89)
chor018,G major,G major (0.89),G major (0.92),G major (0.97),G major (0.97),G major (0.94),G major (0.96)
chor019,G dorian,G minor (0.72),G minor (0.86),G minor (0.92),G minor (0.94),G minor (0.89),G minor (0.94)
chor020,D major,D major (0.87),D major (0.91),D major (0.93),D major (0.92),D major (0.94),D major (0.92)
chor021,A minor,A minor (0.85),A minor (0.90),A minor (0.85),A minor (0.72),A minor (0.77),A minor (0.89)
chor022,E- major,E- major (0.93),E- major (0.93),E- major (0.98),E- major (0.97),E- major (0.97),E- major (0.99)
chor023,A minor,A minor (0.84),A minor (0.95),A minor (0.94),A minor (0.89),A minor (0.89),A minor (0.97)
chor024,D major,D major (0.94),D major (0.92),D major (0.96),D major (0.93),D major (0.95),D major (0.98)
chor025,F dorian,C minor (0.80),F minor (0.92),F minor (0.86),F minor (0.83),A- major (0.87),F minor (0.88)
chor026,F major,F major (0.92),F major (0.98),F major (0.94),F major (0.97),F major (0.99),F major (0.95)
chor027,B- major,B- major (0.91),B- major (0.92),B- major (0.97),B- major (0.97),B- major (0.95),B- major (0.98)
chor028,B minor,B minor (0.97),B minor (0.92),B minor (0.92),B minor (0.84),B minor (0.90),B minor (0.96)
chor029,G major,G major (0.96),G major (0.93),G major (0.98),G major (0.96),G major (0.96),G major (1.00)
chor030,E minor,E minor (0.97),E minor (0.89),E minor (0.89),E minor (0.81),E minor (0.89),E minor (0.91)
chor031,A minor,C major (0.81),A minor (0.95),C major (0.87),C major (0.86),C major (0.91),C major (0.85)
chor032,A major,A major (0.90),A major (0.95),A major (0.95),A major (0.97),A major (0.95),A major (0.97)
chor033,A minor,A minor (0.88),A minor (0.92),A minor (0.98),A minor (0.93),A minor (0.93),A minor (1.00)
chor034,E phrygian,C major (0.89),A minor (0.90),C major (0.92),C major (0.89),C major (0.94),C major (0.90)
chor035,A major,E major (0.91),A major (0.92),A major (0.95),A major (0.96),A major (0.93),A major (0.95)
chor036,A major,A major (0.95),A major (0.93),A major (0.97),A major (0.95),A major (0.98),A major (0.98)
chor037,A minor,A minor (0.81),A minor (0.96),A minor (0.94),A minor (0.92),A minor (0.92),A minor (0.97)
chor038,E- major,B- major (0.89),E- major (0.91),E- major (0.95),E- major (0.94),E- major (0.92),E- major (0.95)
chor039,E minor,G major (0.81),E minor (0.94),G major (0.84),G major (0.84),G major (0.91),E minor (0.86)
chor040,C major,G major (0.94),G major (0.83),C major (0.90),C major (0.89),G major (0.86),C major (0.89)
chor041,A minor,A minor (0.82),A minor (0.95),A minor (0.89),A minor (0.82),A minor (0.84),A minor (0.94)
chor042,A major,A major (0.95),A major (0.93),A major (0.98),A major (0.96),A major (0.97),A major (0.99)
chor043,E major,B major (0.86),E major (0.88),E major (0.93),E major (0.92),E major (0.92),E major (0.91)
chor044,D major,A major (0.91),D major (0.93),D major (0.94),D major (0.97),D major (0.93),D major (0.92)
chor045,B minor,B minor (0.84),B minor (0.97),B minor (0.94),B minor (0.93),B minor (0.92),B minor (0.97)
chor046,D major,D major (0.91),D major (0.93),D major (0.97),D major (0.97),D major (0.95),D major (0.98)
chor047,D minor,D minor (0.82),D minor (0.95),D minor (0.90),D minor (0.87),D minor (0.87),D minor (0.95)
chor048,A minor,A minor (0.91),A minor (0.95),A minor (0.91),A minor (0.83),A minor (0.87),A minor (0.95)
chor049,D dorian,A minor (0.82),D minor (0.88),D minor (0.86),D minor (0.84),D minor (0.81),D minor (0.92)
chor050,F major,F major (0.89),F major (0.95),F major (0.97),F major (0.97),F major (0.95),F major (0.96)
chor051,G major,G major (0.96),G major (0.94),G major (0.98),G major (0.97),G major (0.96),G major (0.98)
chor052,A major,A major (0.90),A major (0.96),A major (0.94),A major (0.95),A major (0.97),A major (0.94)
chor053,G minor,D minor (0.78),G minor (0.87),G minor (0.87),G minor (0.89),G minor (0.86),G minor (0.92)
chor054,G major,G major (0.92),G major (0.93),G major (0.97),G major (0.97),G major (0.95),G major (0.98)
chor055,B minor,B minor (0.82),B minor (0.96),B minor (0.91),B minor (0.92),B minor (0.91),B minor (0.97)
chor056,B minor,B minor (0.86),B minor (0.90),B minor (0.93),B minor (0.83),B minor (0.87),B minor (0.94)
chor057,A minor,A minor (0.79),A minor (0.91),A minor (0.88),A minor (0.94),A minor (0.93),A minor (0.92)
chor058,D major,D major (0.86),B minor (0.89),D major (0.92),D major (0.91),D major (0.94),D major (0.92)
chor059,G minor,G minor (0.91),G minor (0.95),G minor (0.91),G minor (0.86),G minor (0.92),G minor (0.93)
chor060,D major,A major (0.93),D major (0.89),D major (0.93),D major (0.93),D major (0.90),D major (0.91)
chor061,E- major,E- major (0.90),E- major (0.97),E- major (0.95),E- major (0.96),E- major (0.97),E- major (0.96)
chor062,B minor,B minor (0.88),B minor (0.93),B minor (0.94),B minor (0.93),B minor (0.94),B minor (0.98)
chor063,A major,A major (0.91),A major (0.97),A major (0.97),A major (0.98),A major (0.98),A major (0.97)
chor064,G major,G major (0.94),G major (0.95),G major (0.96),G major (0.95),G major (0.97),G major (0.99)
chor065,G major,G major (0.91),G major (0.93),G major (0.97),G major (0.96),G major (0.95),G major (0.97)
chor066,A minor,A minor (0.81),A minor (0.89),A minor (0.90),A minor (0.77),A minor (0.82),A minor (0.90)
chor067,G major,G major (0.93),G major (0.95),G major (0.97),G major (0.97),G major (0.98),G major (0.98)
chor068,F major,F major (0.92),F major (0.93),F major (0.97),F major (0.96),F major (0.95),F major (0.98)
chor069,G major,G major (0.88),G major (0.95),G major (0.97),G major (0.98),G major (0.96),G major (0.95)
chor070,G mixolydian,G major (0.98),G major (0.89),G major (0.92),C major (0.90),G major (0.91),G major (0.95)
chor071,E minor,E minor (0.91),E minor (0.94),E minor (0.96),E minor (0.88),E minor (0.93),E minor (0.95)
chor072,G minor,G minor (0.88),G minor (0.97),G minor (0.94),G minor (0.91),G minor (0.94),G minor (0.96)
chor073,G minor,G minor (0.82),G minor (0.92),G minor (0.97),G minor (0.92),G minor (0.91),G minor (0.99)
chor074,F major,F major (0.87),D minor (0.89),F major (0.89),F major (0.86),F major (0.91),F major (0.89)
chor075,D minor,F major (0.90),F major (0.93),F major (0.94),F major (0.93),F major (0.95),F major (0.95)
chor076,G major,G major (0.87),G major (0.95),G major (0.93),G major (0.94),G major (0.95),G major (0.94)
chor077,A major,A major (0.94),A major (0.95),A major (0.98),A major (0.96),A major (0.95),A major (0.98)
chor078,B minor,B minor (0.91),B minor (0.94),B minor (0.97),B minor (0.91),B minor (0.95),B minor (0.97)
chor079,A minor,A minor (0.78),A minor (0.91),A minor (0.88),A minor (0.88),A minor (0.90),A minor (0.90)
chor080,D major,D major (0.88),D major (0.86),D major (0.90),D major (0.85),D major (0.89),D major (0.88)
chor081,A minor,A minor (0.85),A minor (0.92),A minor (0.97),A minor (0.91),A minor (0.91),A minor (0.98)
chor082,G dorian,G minor (0.77),G minor (0.96),G minor (0.91),G minor (0.87),G minor (0.88),G minor (0.93)
chor083,A major,A major (0.87),A major (0.95),A major (0.92),A major (0.94),A major (0.96),A major (0.93)
chor084,A major,A major (0.93),A major (0.94),A major (0.95),A major (0.95),A major (0.98),A major (0.97)
chor085,E major,E major (0.95),E major (0.92),E major (0.99),E major (0.96),E major (0.95),E major (0.98)
chor086,D major,D major (0.89),D major (0.94),D major (0.96),D major (0.97),D major (0.95),D major (0.97)
chor087,C dorian,C minor (0.91),C minor (0.92),C minor (0.91),C minor (0.84),C minor (0.88),C minor (0.96)
chor088,A minor,A minor (0.84),A minor (0.95),A minor (0.94),A minor (0.89),A minor (0.89),A minor (0.97)
chor089,B minor,B minor (0.86),B minor (0.93),B minor (0.87),B minor (0.76),B minor (0.82),B minor (0.91)
chor090,B- major,B- major (0.91),B- major (0.92),B- major (0.98),B- major (0.97),B- major (0.94),B- major (0.98)
chor091,F# minor,F# minor (0.86),F# minor (0.92),A major (0.86),A major (0.85),A major (0.90),F# minor (0.86)
chor092,B minor,B minor (0.80),B minor (0.95),B minor (0.93),B minor (0.89),B minor (0.88),B minor (0.97)
chor093,B- major,B- major (0.90),B- major (0.92),B- major (0.94),B- major (0.93),B- major (0.95),B- major (0.96)
chor094,G minor,G minor (0.87),G minor (0.90),G minor (0.97),G minor (0.92),G minor (0.92),G minor (0.99)
chor095,B- major,B- major (0.92),B- major (0.95),B- major (0.94),B- major (0.95),B- major (0.94),B- major (0.93)
chor096,D minor,D minor (0.87),D minor (0.90),D minor (0.93),D minor (0.92),D minor (0.91),D minor (0.98)
chor097,A major,A major (0.96),A major (0.93),A major (0.98),A major (0.96),A major (0.98),A major (0.99)
chor098,D major,D major (0.90),B minor (0.86),D major (0.91),D major (0.85),D major (0.90),D major (0.89)
chor099,A minor,A minor (0.80),A minor (0.92),A minor (0.95),A minor (0.90),A minor (0.89),A minor (0.97)
chor100,G minor,G minor (0.79),C minor (0.89),C minor (0.88),C minor (0.87),C minor (0.84),C minor (0.94)
chor101,B- major,B- major (0.95),B- major (0.93),B- major (0.97),B- major (0.94),B- major (0.97),B- major (0.97)
chor102,G major,G major (0.90),G major (0.96),G major (0.94),G major (0.95),G major (0.95),G major (0.94)
chor103,B- major,F major (0.88),B- major (0.94),B- major (0.97),B- major (0.98),B- major (0.96),B- major (0.95)
chor104,B minor,B minor (0.85),B minor (0.94),B minor (0.97),B minor (0.93),B minor (0.94),B minor (0.97)
chor105,B minor,B minor (0.91),B minor (0.94),B minor (0.96),B minor (0.90),B minor (0.93),B minor (0.99)
chor106,A major,A major (0.90),A major (0.92),A major (0.97),A major (0.97),A major (0.94),A major (0.97)
chor107,E- major,E- major (0.93),E- major (0.93),E- major (0.96),E- major (0.94),E- major (0.97),E- major (0.97)
chor108,E- major,E- major (0.93),E- major (0.92),E- major (0.96),E- major (0.93),E- major (0.94),E- major (0.97)
chor109,G minor,D minor (0.78),G minor (0.88),G minor (0.87),G minor (0.90),G minor (0.85),G minor (0.92)
chor110,C dorian,C minor (0.87),C minor (0.96),C minor (0.95),C minor (0.89),C minor (0.91),C minor (0.98)
chor111,A minor,A minor (0.90),A minor (0.90),A minor (0.97),A minor (0.88),A minor (0.90),A minor (0.99)
chor112,B minor,B minor (0.81),B minor (0.91),B minor (0.93),B minor (0.94),B minor (0.93),B minor (0.95)
chor113,F dorian,B- minor (0.86),B- minor (0.87),B- minor (0.98),B- minor (0.93),B- minor (0.93),B- minor (0.98)
chor114,A minor,A minor (0.85),A minor (0.92),A minor (0.95),A minor (0.89),A minor (0.90),A minor (0.96)
chor115,B minor,B minor (0.84),B minor (0.92),B minor (0.83),B minor (0.75),D major (0.80),B minor (0.89)
chor116,D major,D major (0.89),D major (0.95),D major (0.96),D major (0.96),D major (0.95),D major (0.95)
chor117,A- major,A- major (0.87),A- major (0.95),A- major (0.95),A- major (0.97),A- major (0.98),A- major (0.93)
chor118,B- major,B- major (0.88),B- major (0.94),B- major (0.96),B- major (0.96),B- major (0.95),B- major (0.93)
chor119,C dorian,C minor (0.80),F minor (0.89),C minor (0.91),F minor (0.78),C minor (0.80),C minor (0.90)
chor120,B minor,B minor (0.85),B minor (0.94),B minor (0.88),D major (0.81),D major (0.85),B minor (0.90)
chor121,A major,A major (0.92),A major (0.96),A major (0.98),A major (0.98),A major (0.97),A major (0.96)
chor122,C dorian,C minor (0.82),C minor (0.95),C minor (0.90),C minor (0.85),C minor (0.90),C minor (0.91)
chor123,A minor,A minor (0.83),A minor (0.93),A minor (0.94),A minor (0.95),A minor (0.93),A minor (0.98)
chor124,G major,G major (0.81),E minor (0.91),G major (0.88),G major (0.90),G major (0.92),G major (0.87)
chor125,G major,G major (0.90),G major (0.97),G major (0.95),G major (0.97),G major (0.97),G major (0.95)
chor126,A minor,A minor (0.81),D minor (0.89),D minor (0.88),D minor (0.85),D minor (0.83),D minor (0.93)
chor127,G mixolydian,C major (0.87),C major (0.94),C major (0.93),C major (0.95),C major (0.92),C major (0.92)
chor128,G major,D major (0.95),G major (0.88),G major (0.90),G major (0.91),G major (0.87),G major (0.91)
chor129,E minor,D major (0.84),G major (0.85),G major (0.85),G major (0.85),G major (0.85),G major (0.81)
chor130,E minor,D major (0.94),G major (0.85),G major (0.89),G major (0.90),G major (0.86),D major (0.89)
chor131,G major,G major (0.94),G major (0.92),G major (0.94),G major (0.92),G major (0.93),G major (0.98)
chor132,A minor,G major (0.85),G major (0.87),G major (0.87),C major (0.86),C major (0.85),G major (0.85)
chor133,D dorian,D minor (0.79),D minor (0.92),D minor (0.92),D minor (0.91),D minor (0.88),D minor (0.96)
chor134,D minor,D minor (0.87),D minor (0.92),D minor (0.89),D minor (0.86),D minor (0.88),D minor (0.95)
chor135,D major,D major (0.93),D major (0.96),D major (0.95),D major (0.96),D major (0.97),D major (0.98)
chor136,G major,D major (0.89),G major (0.91),G major (0.92),G major (0.92),G major (0.91),G major (0.95)
chor137,G major,G major (0.92),G major (0.93),G major (0.96),G major (0.95),G major (0.97),G major (0.98)
chor138,E minor,E minor (0.86),E minor (0.87),E minor (0.89),E minor (0.87),E minor (0.86),E minor (0.96)
chor139,G major,G major (0.91),G major (0.89),G major (0.94),G major (0.92),G major (0.91),G major (0.91)
chor140,C major,G major (0.89),C major (0.91),C major (0.90),C major (0.93),C major (0.94),C major (0.93)
chor141,A major,A major (0.89),A major (0.91),A major (0.93),A major (0.92),A major (0.93),A major (0.96)
chor142,D minor,D minor (0.76),D minor (0.93),D minor (0.94),D minor (0.91),D minor (0.89),D minor (0.96)
chor143,F major,F major (0.93),F major (0.95),F major (0.95),F major (0.95),F major (0.99),F major (0.96)
chor144,A major,A major (0.93),A major (0.90),A major (0.94),A major (0.92),A major (0.97),A major (0.95)
chor145,A minor,A minor (0.89),A minor (0.92),A minor (0.96),A minor (0.95),A minor (0.94),A minor (0.99)
chor146,A minor,A minor (0.82),A minor (0.92),A minor (0.93),A minor (0.93),A minor (0.91),A minor (0.98)
chor147,E- major,E- major (0.90),E- major (0.92),E- major (0.97),E- major (0.96),E- major (0.94),E- major (0.96)
chor148,G major,G major (0.97),G major (0.87),G major (0.93),G major (0.89),G major (0.93),G major (0.98)
chor149,C minor,G minor (0.75),C minor (0.92),C minor (0.84),E- major (0.79),E- major (0.84),C minor (0.88)
chor151,G major,G major (0.96),G major (0.93),G major (0.93),G major (0.93),G major (0.97),G major (0.98)
chor152,D major,A major (0.91),D major (0.93),D major (0.96),D major (0.97),D major (0.94),D major (0.95)
chor153,D major,D major (0.97),D major (0.88),D major (0.96),D major (0.91),D major (0.94),D major (0.98)
chor154,G mixolydian,G major (0.90),C major (0.83),G major (0.88),C major (0.85),G major (0.81),G major (0.90)
chor155,G dorian,G minor (0.86),G minor (0.95),G minor (0.96),G minor (0.91),G minor (0.93),G minor (0.97)
chor156,A major,E major (0.88),E major (0.87),A major (0.92),A major (0.91),A major (0.90),A major (0.90)
chor157,F major,F major (0.91),F major (0.97),F major (0.96),F major (0.97),F major (0.96),F major (0.97)
chor158,G major,G major (0.93),G major (0.93),G major (0.98),G major (0.96),G major (0.95),G major (0.98)
chor159,G major,G major (0.95),G major (0.90),G major (0.93),G major (0.91),G major (0.92),G major (0.98)
chor160,G mixolydian,G major (0.93),G major (0.93),G major (0.93),G major (0.92),G major (0.93),G major (0.93)
chor161,D minor,D minor (0.85),D minor (0.93),D minor (0.84),D minor (0.80),F major (0.87),D minor (0.89)
chor162,D dorian,A minor (0.76),D minor (0.87),A minor (0.89),D minor (0.83),A minor (0.79),D minor (0.89)
chor163,G minor,G minor (0.77),G minor (0.94),G minor (0.92),G minor (0.91),G minor (0.91),G minor (0.95)
chor164,B- major,B- major (0.90),B- major (0.92),B- major (0.93),B- major (0.92),B- major (0.96),B- major (0.94)
chor165,F major,F major (0.93),F major (0.93),F major (0.96),F major (0.94),F major (0.96),F major (0.97)
chor166,G dorian,G minor (0.91),G minor (0.89),G minor (0.94),G minor (0.92),G minor (0.92),G minor (0.99)
chor167,E minor,G major (0.86),G major (0.91),G major (0.90),G major (0.91),G major (0.95),G major (0.91)
chor168,G dorian,G minor (0.84),G minor (0.91),G minor (0.87),G minor (0.77),B- major (0.82),G minor (0.92)
chor169,A major,A major (0.88),A major (0.93),A major (0.97),A major (0.97),A major (0.94),A major (0.95)
chor170,A minor,A minor (0.95),A minor (0.90),A minor (0.96),A minor (0.89),A minor (0.92),A minor (0.98)
chor171,G dorian,G minor (0.87),G minor (0.94),G minor (0.87),G minor (0.79),G minor (0.84),G minor (0.91)
chor172,G minor,G minor (0.82),G minor (0.92),G minor (0.86),B- major (0.82),B- major (0.87),G minor (0.88)
chor173,E- major,E- major (0.89),E- major (0.93),E- major (0.96),E- major (0.96),E- major (0.96),E- major (0.96)
chor174,G dorian,D minor (0.76),G minor (0.85),G minor (0.89),G minor (0.83),G minor (0.79),G minor (0.94)
chor175,C major,C major (0.90),A minor (0.87),C major (0.90),C major (0.86),C major (0.92),C major (0.92)
chor176,F major,F major (0.92),F major (0.93),F major (0.95),F major (0.94),F major (0.98),F major (0.95)
chor177,A major,A major (0.97),A major (0.87),A major (0.93),A major (0.89),A major (0.93),A major (0.98)
chor178,G minor,D minor (0.78),G minor (0.87),G minor (0.87),G minor (0.89),G minor (0.86),G minor (0.92)
chor179,E- major,E- major (0.94),E- major (0.93),E- major (0.97),E- major (0.95),E- major (0.95),E- major (0.98)
chor180,D dorian,A minor (0.82),D minor (0.90),D minor (0.89),D minor (0.85),D minor (0.85),D minor (0.93)
chor181,E minor,E minor (0.88),E minor (0.93),E minor (0.96),E minor (0.94),E minor (0.94),E minor (0.99)
chor182,G minor,G minor (0.81),G minor (0.93),G minor (0.94),G minor (0.85),G minor (0.88),G minor (0.94)
chor183,G major,G major (0.93),G major (0.95),G major (0.97),G major (0.96),G major (0.96),G major (0.98)
chor184,D dorian,D minor (0.85),D minor (0.93),D minor (0.92),D minor (0.87),D minor (0.88),D minor (0.95)
chor185,D dorian,D minor (0.77),D minor (0.96),D minor (0.85),D minor (0.81),D minor (0.82),D minor (0.90)
chor186,D dorian,D minor (0.80),D minor (0.95),D minor (0.89),F major (0.83),F major (0.89),D minor (0.90)
chor187,G mixolydian,C major (0.93),C major (0.96),C major (0.98),C major (0.98),C major (0.99),C major (0.98)
chor188,F major,F major (0.94),F major (0.89),F major (0.97),F major (0.94),F major (0.91),F major (0.97)
chor189,A major,A major (0.86),A major (0.91),A major (0.90),A major (0.89),A major (0.91),A major (0.92)
chor190,A minor,E minor (0.77),A minor (0.92),A minor (0.88),A minor (0.88),A minor (0.89),A minor (0.89)
chor191,A minor,A minor (0.85),A minor (0.95),A minor (0.87),C major (0.79),C major (0.85),A minor (0.91)
chor192,B- major,F major (0.89),B- major (0.91),B- major (0.93),B- major (0.94),B- major (0.92),B- major (0.96)
chor193,A minor,A minor (0.87),A minor (0.93),A minor (0.98),A minor (0.95),A minor (0.97),A minor (0.98)
chor194,B minor,B minor (0.86),B minor (0.94),B minor (0.94),B minor (0.91),B minor (0.93),B minor (0.97)
chor195,D major,D major (0.91),D major (0.94),D major (0.96),D major (0.97),D major (0.96),D major (0.98)
chor196,C minor,C minor (0.87),C minor (0.94),C minor (0.96),C minor (0.93),C minor (0.94),C minor (0.99)
chor197,D dorian,D minor (0.87),D minor (0.94),D minor (0.93),D minor (0.84),D minor (0.87),D minor (0.97)
chor198,A minor,A minor (0.86),A minor (0.91),A minor (0.95),A minor (0.84),A minor (0.89),A minor (0.94)
chor199,G dorian,G minor (0.82),G minor (0.97),G minor (0.89),G minor (0.83),G minor (0.86),G minor (0.92)
chor200,C major,C major (0.78),G minor (0.88),F major (0.80),F major (0.85),F major (0.79),G minor (0.81)
chor201,E- major,E- major (0.88),E- major (0.95),E- major (0.94),E- major (0.95),E- major (0.97),E- major (0.94)
chor202,D major,A major (0.88),D major (0.93),D major (0.94),D major (0.94),D major (0.91),D major (0.94)
chor203,G dorian,D major (0.80),G minor (0.81),G minor (0.90),G minor (0.93),G minor (0.87),G minor (0.92)
chor204,G minor,G minor (0.86),G minor (0.93),G minor (0.94),G minor (0.94),G minor (0.94),G minor (0.97)
chor205,C major,C major (0.78),C major (0.89),C major (0.87),C major (0.88),C major (0.88),C major (0.83)
chor206,G dorian,D minor (0.87),G minor (0.91),D minor (0.86),G minor (0.77),B- major (0.81),G minor (0.84)
chor207,D minor,D minor (0.88),D minor (0.93),D minor (0.98),D minor (0.93),D minor (0.93),D minor (1.00)
chor208,E minor,E minor (0.81),E minor (0.90),E minor (0.93),E minor (0.94),E minor (0.93),E minor (0.95)
chor209,B- major,B- major (0.92),B- major (0.94),B- major (0.97),B- major (0.97),B- major (0.95),B- major (0.96)
chor210,D dorian,A minor (0.89),A minor (0.86),A minor (0.89),D minor (0.75),A minor (0.81),A minor (0.90)
chor211,C major,G major (0.88),G major (0.88),C major (0.90),C major (0.91),C major (0.91),C major (0.87)
chor212,E- major,B- major (0.89),E- major (0.93),E- major (0.96),E- major (0.96),E- major (0.94),E- major (0.97)
chor213,D minor,D minor (0.78),D minor (0.92),D minor (0.90),D minor (0.90),D minor (0.88),D minor (0.94)
chor214,A minor,A minor (0.80),A minor (0.92),A minor (0.90),C major (0.82),C major (0.89),A minor (0.90)
chor215,G minor,G minor (0.92),G minor (0.94),G minor (0.92),G minor (0.81),G minor (0.89),G minor (0.93)
chor216,A major,E major (0.97),E major (0.84),E major (0.92),A major (0.88),E major (0.89),E major (0.93)
chor217,C major,G major (0.94),C major (0.91),G major (0.91),C major (0.92),C major (0.90),C major (0.90)
chor218,G dorian,G minor (0.89),G minor (0.95),G minor (0.90),G minor (0.88),G minor (0.92),G minor (0.94)
chor219,D minor,D minor (0.86),D minor (0.90),F major (0.89),F major (0.85),F major (0.90),F major (0.85)
chor220,D minor,F major (0.85),F major (0.90),F major (0.90),F major (0.89),F major (0.92),F major (0.88)
chor221,A minor,A minor (0.79),A minor (0.90),A minor (0.93),A minor (0.93),A minor (0.90),A minor (0.96)
chor222,G major,G major (0.86),G major (0.91),G major (0.95),G major (0.96),G major (0.91),G major (0.91)
chor223,C major,C major (0.90),C major (0.95),C major (0.96),C major (0.95),C major (0.95),C major (0.96)
chor224,F major,F major (0.92),F major (0.90),F major (0.95),F major (0.93),F major (0.93),F major (0.98)
chor225,G minor,G minor (0.81),G minor (0.98),G minor (0.89),G minor (0.85),G minor (0.88),G minor (0.92)
chor226,G minor,G minor (0.90),G minor (0.94),G minor (0.96),G minor (0.91),G minor (0.94),G minor (0.96)
chor227,D minor,G minor (0.78),G minor (0.89),G minor (0.92),G minor (0.95),G minor (0.92),G minor (0.94)
chor228,A minor,A minor (0.79),A minor (0.92),A minor (0.94),A minor (0.95),A minor (0.92),A minor (0.97)
chor229,G minor,G minor (0.91),G minor (0.96),G minor (0.96),G minor (0.94),G minor (0.96),G minor (0.99)
chor230,G minor,B- major (0.90),B- major (0.89),B- major (0.90),B- major (0.88),B- major (0.94),B- major (0.93)
chor231,G mixolydian,G major (0.89),G major (0.91),G major (0.92),G major (0.91),G major (0.89),G major (0.93)
chor232,D dorian,D minor (0.91),D minor (0.93),D minor (0.91),D minor (0.82),D minor (0.87),D minor (0.93)
chor233,A major,A major (0.94),A major (0.95),A major (0.98),A major (0.97),A major (0.96),A major (0.97)
chor234,F major,F major (0.91),F major (0.95),F major (0.97),F major (0.97),F major (0.97),F major (0.96)
chor235,F major,C major (0.93),F major (0.91),F major (0.94),F major (0.94),F major (0.91),F major (0.94)
chor236,E minor,B minor (0.73),B minor (0.88),B minor (0.86),E minor (0.76),B minor (0.76),B minor (0.87)
chor237,G dorian,D minor (0.78),G minor (0.91),G minor (0.92),G minor (0.90),G minor (0.89),G minor (0.94)
chor238,E minor,E minor (0.91),E minor (0.92),E minor (0.88),E minor (0.77),E minor (0.83),E minor (0.92)
chor239,C major,C major (0.95),C major (0.92),C major (0.98),C major (0.95),C major (0.95),C major (0.99)
chor240,A minor,A minor (0.85),A minor (0.93),A minor (0.91),A minor (0.94),A minor (0.93),A minor (0.96)
chor241,D dorian,D minor (0.81),D minor (0.95),D minor (0.86),D minor (0.80),F major (0.84),D minor (0.90)
chor242,E minor,E minor (0.77),E minor (0.96),E minor (0.87),E minor (0.82),G major (0.86),E minor (0.90)
chor243,G minor,G minor (0.83),G minor (0.98),G minor (0.91),G minor (0.92),G minor (0.93),G minor (0.94)
chor244,C dorian,C minor (0.86),C minor (0.93),C minor (0.96),C minor (0.93),C minor (0.93),C minor (0.98)
chor245,G minor,G minor (0.91),G minor (0.96),G minor (0.91),G minor (0.89),G minor (0.92),G minor (0.96)
chor246,G major,G major (0.82),G major (0.91),G major (0.87),G major (0.89),G major (0.89),G major (0.84)
chor247,G major,G major (0.85),G major (0.93),G major (0.91),G major (0.93),G major (0.96),G major (0.91)
chor248,G major,G major (0.90),G major (0.91),G major (0.97),G major (0.95),G major (0.93),G major (0.96)
chor249,G major,G major (0.84),G major (0.94),G major (0.91),G major (0.93),G major (0.96),G major (0.89)
chor250,D major,D major (0.90),D major (0.89),D major (0.97),D major (0.93),D major (0.93),D major (0.95)
chor251,G minor,G minor (0.79),G minor (0.94),G minor (0.92),G minor (0.90),G minor (0.88),G minor (0.96)
chor252,B- major,B- major (0.86),B- major (0.94),B- major (0.92),B- major (0.93),B- major (0.94),B- major (0.91)
chor253,G minor,G minor (0.81),G minor (0.90),G minor (0.92),G minor (0.94),G minor (0.91),G minor (0.96)
chor254,C major,C major (0.93),C major (0.95),C major (0.96),C major (0.95),C major (0.96),C major (0.98)
chor255,D major,D major (0.94),D major (0.93),D major (0.98),D major (0.95),D major (0.94),D major (0.97)
chor256,B- major,B- major (0.94),B- major (0.95),B- major (0.96),B- major (0.95),B- major (0.97),B- major (0.98)
chor257,B- major,B- major (0.90),B- major (0.92),B- major (0.94),B- major (0.93),B- major (0.95),B- major (0.96)
chor258,G major,G major (0.97),G major (0.96),G major (0.97),G major (0.96),G major (0.97),G major (0.99)
chor259,F# minor,F# minor (0.86),F# minor (0.93),F# minor (0.86),A major (0.84),A major (0.90),F# minor (0.87)
chor260,B- major,B- major (0.94),B- major (0.92),B- major (0.95),B- major (0.93),B- major (0.97),B- major (0.96)
chor261,E minor,E minor (0.80),E minor (0.95),E minor (0.91),E minor (0.87),E minor (0.86),E minor (0.96)
chor262,G dorian,D major (0.78),G minor (0.84),G minor (0.88),G minor (0.92),G minor (0.86),G minor (0.91)
chor263,E minor,E minor (0.89),E minor (0.92),E minor (0.93),E minor (0.89),E minor (0.90),E minor (0.98)
chor264,B- major,F major (0.90),B- major (0.89),B- major (0.93),B- major (0.93),B- major (0.91),B- major (0.91)
chor265,B minor,B minor (0.82),B minor (0.94),B minor (0.89),B minor (0.81),B minor (0.84),B minor (0.93)
chor266,G minor,G minor (0.83),G minor (0.97),G minor (0.93),G minor (0.89),G minor (0.89),G minor (0.97)
chor267,D minor,D minor (0.83),D minor (0.92),D minor (0.94),D minor (0.90),D minor (0.89),D minor (0.98)
chor268,C major,C major (0.92),C major (0.96),C major (0.96),C major (0.96),C major (0.98),C major (0.96)
chor269,G minor,G minor (0.81),G minor (0.95),G minor (0.94),G minor (0.92),G minor (0.91),G minor (0.97)
chor270,A minor,A minor (0.90),A minor (0.94),A minor (0.96),A minor (0.88),A minor (0.93),A minor (0.95)
chor271,E minor,E minor (0.91),E minor (0.94),E minor (0.97),E minor (0.89),E minor (0.93),E minor (0.96)
chor272,B- major,F major (0.87),B- major (0.90),B- major (0.89),B- major (0.92),B- major (0.88),B- major (0.87)
chor273,D major,D major (0.85),D major (0.91),D major (0.95),D major (0.94),D major (0.94),D major (0.92)
chor274,F major,F major (0.95),F major (0.91),F major (0.92),F major (0.89),F major (0.93),F major (0.93)
chor275,A major,E major (0.91),A major (0.92),A major (0.95),A major (0.96),A major (0.94),A major (0.93)
chor276,G major,D major (0.89),G major (0.91),G major (0.96),G major (0.96),G major (0.92),G major (0.95)
chor277,C major,C major (0.83),A minor (0.94),C major (0.89),C major (0.87),C major (0.92),C major (0.88)
chor278,E major,E major (0.89),E major (0.94),E major (0.96),E major (0.96),E major (0.95),E major (0.97)
chor279,B- major,F major (0.90),B- major (0.93),B- major (0.94),B- major (0.96),B- major (0.93),B- major (0.94)
chor280,D major,D major (0.94),D major (0.95),D major (0.97),D major (0.96),D major (0.97),D major (0.98)
chor281,G minor,G minor (0.76),G minor (0.93),G minor (0.90),G minor (0.90),G minor (0.90),G minor (0.92)
chor282,C major,C major (0.93),C major (0.95),C major (0.96),C major (0.95),C major (0.96),C major (0.98)
chor283,E minor,E minor (0.91),E minor (0.96),E minor (0.93),E minor (0.89),E minor (0.91),E minor (0.97)
chor284,C mixolydian,C major (0.88),F major (0.92),F major (0.90),F major (0.93),F major (0.92),F major (0.87)
chor285,A minor,A minor (0.84),A minor (0.97),A minor (0.87),A minor (0.80),A minor (0.86),A minor (0.90)
chor286,B minor,B minor (0.92),B minor (0.96),B minor (0.93),B minor (0.86),B minor (0.91),B minor (0.96)
chor287,A minor,A minor (0.83),A minor (0.93),A minor (0.94),A minor (0.92),A minor (0.91),A minor (0.97)
chor288,A mixolydian,A major (0.93),A major (0.89),A major (0.95),A major (0.92),A major (0.91),A major (0.93)
chor289,B- major,B- major (0.92),B- major (0.94),B- major (0.99),B- major (0.98),B- major (0.97),B- major (0.98)
chor290,E major,B major (0.88),E major (0.93),E major (0.92),E major (0.93),E major (0.90),E major (0.90)
chor291,D major,D major (0.95),D major (0.93),D major (0.98),D major (0.96),D major (0.94),D major (0.99)
chor292,D minor,D minor (0.87),D minor (0.95),D minor (0.96),D minor (0.87),D minor (0.90),D minor (0.97)
chor293,G major,G major (0.93),G major (0.95),G major (0.96),G major (0.97),G major (0.95),G major (0.98)
chor294,B minor,B minor (0.80),B minor (0.96),B minor (0.92),B minor (0.91),B minor (0.90),B minor (0.97)
chor295,E minor,B minor (0.75),B minor (0.90),B minor (0.86),E minor (0.74),B minor (0.77),B minor (0.87)
chor296,C major,C major (0.93),C major (0.92),C major (0.95),C major (0.93),C major (0.96),C major (0.95)
chor297,G minor,G minor (0.85),G minor (0.93),G minor (0.97),G minor (0.95),G minor (0.95),G minor (0.98)
chor298,C major,C major (0.97),C major (0.91),C major (0.95),C major (0.92),C major (0.93),C major (0.99)
chor299,E- major,E- major (0.94),E- major (0.95),E- major (0.96),E- major (0.94),E- major (0.97),E- major (0.96)
chor300,A minor,A minor (0.90),A minor (0.95),A minor (0.97),A minor (0.92),A minor (0.94),A minor (0.99)
chor301,G minor,G minor (0.85),G minor (0.97),G minor (0.88),G minor (0.82),G minor (0.87),G minor (0.90)
chor302,G dorian,G minor (0.82),G minor (0.97),G minor (0.89),G minor (0.83),G minor (0.86),G minor (0.92)
chor303,F major,F major (0.92),F major (0.96),F major (0.95),F major (0.94),F major (0.97),F major (0.95)
chor304,G minor,D minor (0.72),G minor (0.93),G minor (0.89),G minor (0.90),G minor (0.90),G minor (0.89)
chor305,D major,D major (0.91),D major (0.94),D major (0.96),D major (0.97),D major (0.96),D major (0.98)
chor306,E- major,E- major (0.88),E- major (0.95),E- major (0.94),E- major (0.95),E- major (0.97),E- major (0.94)
chor307,A minor,A minor (0.86),A minor (0.91),A minor (0.95),A minor (0.84),A minor (0.89),A minor (0.94)
chor308,A major,E major (0.88),E major (0.87),A major (0.92),A major (0.91),A major (0.90),A major (0.90)
chor309,A- major,A- major (0.89),A- major (0.93),A- major (0.94),A- major (0.93),A- major (0.93),A- major (0.93)
chor310,E major,B major (0.87),E major (0.94),E major (0.95),E major (0.95),E major (0.94),E major (0.94)
chor311,F major,C major (0.88),F major (0.95),F major (0.95),F major (0.97),F major (0.94),F major (0.95)
chor312,D major,D major (0.97),D major (0.92),D major (0.98),D major (0.95),D major (0.95),D major (0.99)
chor313,G major,G major (0.90),G major (0.95),G major (0.94),G major (0.94),G major (0.96),G major (0.93)
chor314,E minor,B minor (0.86),B minor (0.89),B minor (0.95),B minor (0.81),B minor (0.86),B minor (0.93)
chor315,G major,G major (0.95),G major (0.90),G major (0.97),G major (0.93),G major (0.93),G major (0.99)
chor316,G major,G major (0.92),G major (0.94),G major (0.95),G major (0.94),G major (0.94),G major (0.94)
chor317,C major,C major (0.88),C major (0.92),C major (0.95),C major (0.95),C major (0.95),C major (0.96)
chor318,A major,A major (0.93),A major (0.90),A major (0.94),A major (0.92),A major (0.97),A major (0.95)
chor319,F major,C major (0.93),F major (0.91),F major (0.94),F major (0.94),F major (0.91),F major (0.93)
chor320,F# minor,F# minor (0.79),F# minor (0.87),A major (0.88),A major (0.84),A major (0.86),A major (0.84)
chor321,G minor,G minor (0.88),G minor (0.97),G minor (0.95),G minor (0.94),G minor (0.95),G minor (0.98)
chor322,G major,G major (0.91),G major (0.99),G major (0.92),G major (0.96),G major (0.99),G major (0.95)
chor323,F major,F major (0.90),F major (0.94),F major (0.97),F major (0.97),F major (0.96),F major (0.98)
chor324,E minor,E minor (0.85),E minor (0.89),E minor (0.92),E minor (0.90),E minor (0.89),E minor (0.97)
chor325,D dorian,A minor (0.82),D minor (0.91),D minor (0.85),D minor (0.85),D minor (0.83),D minor (0.90)
chor326,A major,A major (0.89),A major (0.97),A major (0.95),A major (0.97),A major (0.97),A major (0.94)
chor327,D major,D major (0.92),D major (0.95),D major (0.92),D major (0.91),D major (0.95),D major (0.94)
chor328,G major,G major (0.94),G major (0.92),G major (0.94),G major (0.92),G major (0.93),G major (0.98)
chor329,G major,G major (0.89),G major (0.92),G major (0.97),G major (0.95),G major (0.95),G major (0.95)
chor330,G major,D major (0.90),G major (0.94),G major (0.94),G major (0.96),G major (0.92),G major (0.94)
chor331,B minor,F# minor (0.75),B minor (0.91),B minor (0.87),B minor (0.88),B minor (0.87),B minor (0.87)
chor332,A minor,A minor (0.79),A minor (0.94),A minor (0.88),A minor (0.81),A minor (0.82),A minor (0.92)
chor333,D major,D major (0.91),D major (0.93),D major (0.95),D major (0.95),D major (0.97),D major (0.97)
chor334,D major,D major (0.90),D major (0.91),D major (0.94),D major (0.91),D major (0.95),D major (0.94)
chor335,F major,C major (0.87),F major (0.92),F major (0.97),F major (0.95),F major (0.93),F major (0.94)
chor336,B minor,B minor (0.79),B minor (0.94),D major (0.85),D major (0.83),D major (0.87),B minor (0.83)
chor337,F major,F major (0.95),F major (0.94),F major (0.98),F major (0.97),F major (0.96),F major (0.99)
chor338,D major,D major (0.92),D major (0.95),D major (0.94),D major (0.94),D major (0.97),D major (0.96)
chor339,A minor,A minor (0.81),A minor (0.89),A minor (0.94),A minor (0.93),A minor (0.91),A minor (0.97)
chor340,D minor,A minor (0.84),D minor (0.88),F major (0.80),F major (0.78),F major (0.86),D minor (0.83)
chor341,A major,E major (0.92),A major (0.93),A major (0.93),A major (0.95),A major (0.92),A major (0.92)
chor342,A major,E major (0.89),A major (0.93),A major (0.97),A major (0.98),A major (0.95),A major (0.96)
chor343,D major,D major (0.87),D major (0.94),D major (0.93),D major (0.93),D major (0.94),D major (0.91)
chor344,G major,G major (0.92),G major (0.92),G major (0.97),G major (0.94),G major (0.95),G major (0.95)
chor345,A minor,A minor (0.91),A minor (0.96),A minor (0.91),A minor (0.83),A minor (0.90),A minor (0.92)
chor346,E minor,E minor (0.86),E minor (0.89),G major (0.87),G major (0.85),G major (0.90),E minor (0.87)
chor347,G major,G major (0.92),G major (0.94),G major (0.98),G major (0.97),G major (0.95),G major (0.98)
chor348,C major,G major (0.89),C major (0.93),C major (0.96),C major (0.95),C major (0.93),C major (0.95)
chor349,B minor,B minor (0.85),B minor (0.94),B minor (0.88),D major (0.81),D major (0.85),B minor (0.90)
chor350,B- major,B- major (0.94),B- major (0.94),B- major (0.97),B- major (0.96),B- major (0.95),B- major (0.95)
chor351,A major,A major (0.94),A major (0.95),A major (0.98),A major (0.96),A major (0.97),A major (0.98)
chor352,A minor,A minor (0.79),A minor (0.94),A minor (0.95),A minor (0.87),A minor (0.89),A minor (0.94)
chor353,G major,G major (0.89),G major (0.95),G major (0.93),G major (0.94),G major (0.96),G major (0.93)
chor354,G major,G major (0.91),G major (0.92),G major (0.97),G major (0.95),G major (0.94),G major (0.96)
chor355,B- major,F major (0.88),B- major (0.94),B- major (0.95),B- major (0.97),B- major (0.96),B- major (0.94)
chor356,D minor,D minor (0.86),D minor (0.90),D minor (0.92),D minor (0.91),D minor (0.89),D minor (0.98)
chor357,G mixolydian,G major (0.91),C major (0.88),G major (0.94),G major (0.90),G major (0.88),G major (0.91)
chor358,G minor,G minor (0.80),G minor (0.90),B- major (0.82),B- major (0.82),B- major (0.87),G minor (0.85)
chor359,B minor,B minor (0.90),B minor (0.95),B minor (0.90),B minor (0.82),B minor (0.89),B minor (0.90)
chor360,F# minor,F# minor (0.87),F# minor (0.95),F# minor (0.97),F# minor (0.96),F# minor (0.96),F# minor (0.99)
chor361,G major,D major (0.83),G major (0.92),G major (0.87),G major (0.92),G major (0.92),G major (0.85)
chor362,G major,G major (0.96),G major (0.95),G major (0.97),G major (0.96),G major (0.99),G major (0.99)
chor363,A major,A major (0.88),A major (0.96),A major (0.96),A major (0.98),A major (0.97),A major (0.95)
chor364,B minor,F# minor (0.80),B minor (0.95),B minor (0.89),B minor (0.83),B minor (0.84),B minor (0.93)
chor365,A major,A major (0.92),A major (0.93),A major (0.96),A major (0.95),A major (0.94),A major (0.93)
chor366,A major,A major (0.90),A major (0.95),A major (0.97),A major (0.98),A major (0.97),A major (0.97)
chor367,B minor,B minor (0.90),B minor (0.94),B minor (0.86),D major (0.81),D major (0.87),B minor (0.88)
chor368,F major,F major (0.96),F major (0.94),F major (0.98),F major (0.97),F major (0.98),F major (0.99)
chor369,B- dorian,B- minor (0.82),B- minor (0.97),B- minor (0.94),B- minor (0.92),B- minor (0.93),B- minor (0.96)
chor370,A minor,A minor (0.83),A minor (0.95),A minor (0.96),A minor (0.94),A minor (0.93),A minor (0.98)
chor371,E minor,E minor (0.78),E minor (0.89),E minor (0.90),E minor (0.84),E minor (0.82),E minor (0.95)
